idclient;client_email;direction;full_name
9327172;AbigailWagner@correo.com;CARRERA #5-40;Abigail Wagner
6243404;CaitlinFaulkner@correo.com;CARRERA #14-46;Caitlin Faulkner
5417800;KaylaAlexander@correo.com;CARRERA #49-36;Kayla Alexander
8060057;AshleyMatthews@correo.com;CARRERA #31-40;Ashley Matthews
4961722;JimRomeroMD@correo.com;CARRERA #25-28;Jim Romero MD
5641353;ClaudiaStrickland@correo.com;CARRERA #41-49;Claudia Strickland
5922972;KristenPhillips@correo.com;CARRERA #39-40;Kristen Phillips
8733632;GaryMartin@correo.com;CARRERA #33-8;Gary Martin
5324830;JohnPena@correo.com;CARRERA #20-3;John Pena
5323650;JamieWade@correo.com;CARRERA #25-36;Jamie Wade
7475453;PaulMartin@correo.com;CARRERA #33-33;Paul Martin
4377653;DerrickEllis@correo.com;CARRERA #8-1;Derrick Ellis
5108469;TrevorCole@correo.com;CARRERA #6-35;Trevor Cole
8905508;MadisonBarry@correo.com;CARRERA #18-4;Madison Barry
9007902;MichaelJones@correo.com;CARRERA #31-3;Michael Jones
9817500;AmyWilliamson@correo.com;CARRERA #7-33;Amy Williamson
7650852;AshleyBarron@correo.com;CARRERA #38-11;Ashley Barron
5624637;LisaWard@correo.com;CARRERA #11-8;Lisa Ward
6239939;StanleySchmidt@correo.com;CARRERA #25-40;Stanley Schmidt
4486973;DavidLopez@correo.com;CARRERA #44-30;David Lopez
5782814;YeseniaSawyer@correo.com;CARRERA #24-48;Yesenia Sawyer
6504331;JeffreyCrawford@correo.com;CARRERA #2-30;Jeffrey Crawford
5881708;KelseyKelly@correo.com;CARRERA #13-30;Kelsey Kelly
9657485;RichardDunn@correo.com;CALLE #18-8;Richard Dunn
7719072;WayneLynn@correo.com;CALLE #49-21;Wayne Lynn
5479438;AmyRich@correo.com;CALLE #9-6;Amy Rich
5229202;RobertBooker@correo.com;CALLE #34-44;Robert Booker
6641004;Mrs.JacquelineDodson@correo.com;CALLE #33-38;Mrs. Jacqueline Dodson
7063643;ChelseaTownsend@correo.com;CALLE #28-26;Chelsea Townsend
4931128;LoriCobb@correo.com;CALLE #19-48;Lori Cobb
6832840;RobinTaylor@correo.com;CALLE #31-7;Robin Taylor
5060527;MichaelMata@correo.com;CALLE #39-32;Michael Mata
8313134;JamesWood@correo.com;CALLE #8-13;James Wood
8739795;ZacharyRichardson@correo.com;CALLE #35-22;Zachary Richardson
6548211;ChadHenderson@correo.com;CALLE #39-38;Chad Henderson
8734674;MicheleWilliams@correo.com;CALLE #31-24;Michele Williams
9989048;SamanthaKhan@correo.com;CALLE #20-20;Samantha Khan
7856390;YolandaScott@correo.com;CALLE #22-30;Yolanda Scott
8015146;TylerCardenas@correo.com;CALLE #35-33;Tyler Cardenas
4722472;NicholasAdams@correo.com;CALLE #28-42;Nicholas Adams
9665721;EmilyAnthony@correo.com;CALLE #2-45;Emily Anthony
6404710;DevinMann@correo.com;CALLE #34-19;Devin Mann
6064657;ScottSchroeder@correo.com;CALLE #42-30;Scott Schroeder
5744622;CherylRivas@correo.com;CALLE #7-15;Cheryl Rivas
7674280;JasonWatkins@correo.com;CALLE #11-21;Jason Watkins
6048665;PatrickChristian@correo.com;CALLE #24-22;Patrick Christian
5700114;VictorTodd@correo.com;CALLE #16-34;Victor Todd
6800077;HeidiHowell@correo.com;CALLE #6-40;Heidi Howell
5932353;TiffanyRogers@correo.com;CALLE #7-42;Tiffany Rogers
6979989;DylanJimenez@correo.com;CALLE #1-38;Dylan Jimenez
