username;email;password;create_time;full_name
MollyPitts;MollyPitts@correo.com;Molly.Pitts;28/12/2022;Molly Pitts
AshleyRivera;AshleyRivera@correo.com;Ashley.Rivera;28/12/2022;Ashley Rivera
JodiFerguson;JodiFerguson@correo.com;Jodi.Ferguson;28/12/2022;Jodi Ferguson
EricHolloway;EricHolloway@correo.com;Eric.Holloway;28/12/2022;Eric Holloway
ValerieSaunders;ValerieSaunders@correo.com;Valerie.Saunders;28/12/2022;Valerie Saunders
MichaelTodd;MichaelTodd@correo.com;Michael.Todd;28/12/2022;Michael Todd
PeterRichards;PeterRichards@correo.com;Peter.Richards;28/12/2022;Peter Richards
EricSanchez;EricSanchez@correo.com;Eric.Sanchez;28/12/2022;Eric Sanchez
RicardoRandall;RicardoRandall@correo.com;Ricardo.Randall;28/12/2022;Ricardo Randall
MarthaStewart;MarthaStewart@correo.com;Martha.Stewart;28/12/2022;Martha Stewart
RachelWade;RachelWade@correo.com;Rachel.Wade;28/12/2022;Rachel Wade
StephenCain;StephenCain@correo.com;Stephen.Cain;28/12/2022;Stephen Cain
JoannaNovak;JoannaNovak@correo.com;Joanna.Novak;28/12/2022;Joanna Novak
JonathanWest;JonathanWest@correo.com;Jonathan.West;28/12/2022;Jonathan West
Mrs.ValerieGreene;Mrs.ValerieGreene@correo.com;Mrs..Valerie.Greene;28/12/2022;Mrs. Valerie Greene
LisaGomez;LisaGomez@correo.com;Lisa.Gomez;28/12/2022;Lisa Gomez
CharlesFields;CharlesFields@correo.com;Charles.Fields;28/12/2022;Charles Fields
BrendaMartin;BrendaMartin@correo.com;Brenda.Martin;28/12/2022;Brenda Martin
DavidTaylor;DavidTaylor@correo.com;David.Taylor;28/12/2022;David Taylor
KathrynRogers;KathrynRogers@correo.com;Kathryn.Rogers;28/12/2022;Kathryn Rogers
RussellGrahamDVM;RussellGrahamDVM@correo.com;Russell.Graham.DVM;28/12/2022;Russell Graham DVM
KarenMunoz;KarenMunoz@correo.com;Karen.Munoz;28/12/2022;Karen Munoz
DeniseOchoa;DeniseOchoa@correo.com;Denise.Ochoa;28/12/2022;Denise Ochoa
GabriellaHenry;GabriellaHenry@correo.com;Gabriella.Henry;28/12/2022;Gabriella Henry
JamesHolland;JamesHolland@correo.com;James.Holland;28/12/2022;James Holland
BarbaraThomas;BarbaraThomas@correo.com;Barbara.Thomas;28/12/2022;Barbara Thomas
JillianKing;JillianKing@correo.com;Jillian.King;28/12/2022;Jillian King
KristenGeorge;KristenGeorge@correo.com;Kristen.George;28/12/2022;Kristen George
KellyKelly;KellyKelly@correo.com;Kelly.Kelly;28/12/2022;Kelly Kelly
AimeeMarshall;AimeeMarshall@correo.com;Aimee.Marshall;28/12/2022;Aimee Marshall
MartinBell;MartinBell@correo.com;Martin.Bell;28/12/2022;Martin Bell
DennisDoyle;DennisDoyle@correo.com;Dennis.Doyle;28/12/2022;Dennis Doyle
JerryHerman;JerryHerman@correo.com;Jerry.Herman;28/12/2022;Jerry Herman
YolandaFinley;YolandaFinley@correo.com;Yolanda.Finley;28/12/2022;Yolanda Finley
CandiceDavis;CandiceDavis@correo.com;Candice.Davis;28/12/2022;Candice Davis
MatthewDonovan;MatthewDonovan@correo.com;Matthew.Donovan;28/12/2022;Matthew Donovan
DavidBates;DavidBates@correo.com;David.Bates;28/12/2022;David Bates
EricRiggs;EricRiggs@correo.com;Eric.Riggs;28/12/2022;Eric Riggs
ThomasGreer;ThomasGreer@correo.com;Thomas.Greer;28/12/2022;Thomas Greer
CoreyCarter;CoreyCarter@correo.com;Corey.Carter;28/12/2022;Corey Carter
DavidYoung;DavidYoung@correo.com;David.Young;28/12/2022;David Young
SamanthaTurner;SamanthaTurner@correo.com;Samantha.Turner;28/12/2022;Samantha Turner
JosephWeber;JosephWeber@correo.com;Joseph.Weber;28/12/2022;Joseph Weber
MeganPineda;MeganPineda@correo.com;Megan.Pineda;28/12/2022;Megan Pineda
CherylSmith;CherylSmith@correo.com;Cheryl.Smith;28/12/2022;Cheryl Smith
TiffanyCole;TiffanyCole@correo.com;Tiffany.Cole;28/12/2022;Tiffany Cole
JessicaGomez;JessicaGomez@correo.com;Jessica.Gomez;28/12/2022;Jessica Gomez
JaneSalas;JaneSalas@correo.com;Jane.Salas;28/12/2022;Jane Salas
ManuelKaiser;ManuelKaiser@correo.com;Manuel.Kaiser;28/12/2022;Manuel Kaiser
BrookeDavidson;BrookeDavidson@correo.com;Brooke.Davidson;28/12/2022;Brooke Davidson
